file,,Annotation Update,,Test Update,Comment
apiGET.R,,08/07/17,,,
apiPOST.R,,08/07/17,,,
apiPUT.R,,08/07/17,,,
attachFile.R,,08/07/17,,,uses json
attributecleanName.R,,08/07/17,,,
authBasic.R,,08/07/17,,,
buildUrl.R,,08/08/17,,,
coreAPI.R,,08/08/17,,,
createEntity.R,,08/08/17,,,
createExperimentContainer.R,,08/08/17,,,
createExperiment.R,,08/08/17,,,
createExperimentSample.R,,08/08/17,,,
createSampleLot.R,,08/08/17,,,
experimentPublish.R,,08/08/17,,,
experimentUnPublish.R,,08/08/17,,,
getCellContents.R,,08/08/17,,,
getContainerCellIds.R,,08/08/17,,,
getContainerContents.R,,08/08/17,,,
getEntityAssociations.R,,08/08/17,,,
getEntityByBarcode.R,,08/08/17,,,
getEntityByName.R,,08/08/17,,,
getEntityLocation.R,,08/08/17,,,
getEntityMetadata.R,,08/08/17,,,
getEntityProject.R,,08/08/17,,,
getExperimentContainers.R,,08/09/17,,,
getExperimentSampleAssayData.R,,08/09/17,,,
getExperimentSampleAssayFileData.R,,08/09/17,,,
getExperimentSampleRawData.R,,08/09/17,,,
getExperimentSamples.R,,08/09/17,,,
getWellContents.R,,08/09/17,,,
logOut.R,,08/09/17,,,
ODATAcleanName.R,,08/09/17,,,
setCellContents.R,,08/09/17,,,
setExperimentSampleAssayFileData.R,,08/09/17,,,
setWellContents.R,,08/09/17,,,
updateCellContents.R,,08/09/17,,,
updateEntityAssociations.R,,08/09/17,,,
updateEntityAttributes.R,,08/09/17,,,
updateEntityLocation.R,,08/09/17,,,
updateEntityProject.R,,08/09/17,,,
updateExperimentSampleData.R,,08/09/17,,,
updateMetadata.R,,08/09/17,,,
getExperimentSampleIntermediateData.R,,09/12/17,,,
getExperimentSampleIntermediateData.R,,09/12/17,,,
updateExperimentSampleRawData.R,,09/12/17,,,
